{
    "weights": [
        2,
        1,
        1
    ],
    "f1_score": 0.9362713327286313,
    "auc_score": 0.9166243674657601,
    "confusion_matrix": [
        [
            "["
        ],
        [
            "["
        ],
        [
            "5"
        ],
        [
            "6"
        ],
        [
            "8"
        ],
        [
            "6"
        ],
        [
            "7"
        ],
        [
            " "
        ],
        [
            " "
        ],
        [
            " "
        ],
        [
            " "
        ],
        [
            " "
        ],
        [
            "3"
        ],
        [
            "]"
        ],
        [
            "\n"
        ],
        [
            " "
        ],
        [
            "["
        ],
        [
            " "
        ],
        [
            " "
        ],
        [
            " "
        ],
        [
            "1"
        ],
        [
            "8"
        ],
        [
            " "
        ],
        [
            " "
        ],
        [
            " "
        ],
        [
            " "
        ],
        [
            "7"
        ],
        [
            "2"
        ],
        [
            "]"
        ],
        [
            "]"
        ]
    ],
    "classification_report": "              precision    recall  f1-score   support\n\n           0       1.00      1.00      1.00     56870\n           1       0.96      0.80      0.87        90\n\n    accuracy                           1.00     56960\n   macro avg       0.98      0.90      0.94     56960\nweighted avg       1.00      1.00      1.00     56960\n"
}